timestamp,px(m),py(m),pz(m),lz(m),vx(m/s),theta_pitch(rad),gyro_pitch_raw(rad/s),gyro_pitch_filtered(rad/s),omega_pitch(rad/s),of_x(pixels/frame)
1724368067.025,0.0,0.0,0.029,0.028,0.0,-0.0122173047639603,0.0,-0.012,0.0,-0.1
1724368067.055,0.0,0.0,0.028,0.028,0.001,-0.0123918376891597,0.0,0.09,-0.001,0.0
1724368067.086,-0.001,0.0,0.028,0.027,-0.002,-0.0118158790360016,0.0,0.027,0.0,-0.3
1724368067.116,0.0,0.0,0.029,0.031,0.0,-0.0121998514714403,0.0,-0.047,0.0,-0.1
1724368067.147,0.0,0.0,0.029,0.031,0.0,-0.0123569311041198,0.0,0.007,0.0,0.2
1724368067.183,0.0,0.0,0.028,0.028,0.0,-0.0123743843966397,0.0,0.027,0.0,0.3
1724368067.214,0.0,0.0,0.028,0.028,0.0,-0.0121649448864004,0.0,0.105,-0.001,-0.1
1724368067.244,-0.001,-0.001,0.028,0.028,-0.003,-0.0117984257434816,0.0,-0.054,0.0,-0.1
1724368067.269,0.0,0.0,0.028,0.028,0.0,-0.0121649448864004,0.0,-0.059,0.001,-0.1
1724368067.3,0.0,0.0,0.028,0.029,0.0,-0.01228711793404,0.0,0.119,-0.002,0.0
1724368067.33,-0.001,0.0,0.029,0.03,-0.002,-0.0119031454986013,0.0,-0.003,0.0,-0.2
1724368067.355,0.0,0.0,0.029,0.03,0.0,-0.01228711793404,0.0,-0.052,0.0,0.4
1724368067.393,0.0,0.0,0.028,0.027,-0.001,-0.0120951317163207,0.0,0.03,0.0,0.0
1724368067.422,0.0,0.0,0.027,0.027,0.0,-0.0122522113490001,0.0,0.036,0.0,0.1
1724368067.446,0.0,0.0,0.027,0.03,0.0,-0.0122173047639603,0.0,0.043,0.0,0.1
1724368067.476,0.0,0.0,0.028,0.03,0.0,-0.0122347580564802,0.0,-0.049,0.0,0.2
1724368067.507,0.0,0.0,0.027,0.027,-0.001,-0.0120078652537209,0.0,-0.013,0.0,0.0
1724368067.537,0.0,0.0,0.028,0.03,0.0,-0.0121823981789204,0.0,-0.016,0.0,0.0
1724368067.574,0.0,0.0,0.028,0.03,0.0,-0.0121649448864004,0.0,0.056,0.0,0.0
1724368067.604,0.0,0.0,0.028,0.029,-0.002,-0.0119729586686811,0.0,0.067,-0.001,0.0
1724368067.628,0.0,0.0,0.028,0.027,0.0,-0.0121649448864004,0.0,-0.035,0.0,0.0
1724368067.659,-0.001,-0.001,0.028,0.027,-0.003,-0.0117111592808819,0.0,0.004,0.0,-0.2
1724368067.689,0.0,0.0,0.027,0.027,0.0,-0.0122173047639603,0.0,-0.009,0.0,0.2
1724368067.714,0.0,0.0,0.028,0.029,-0.001,-0.0119729586686811,0.0,-0.057,0.001,0.1
1724368067.744,-0.001,0.0,0.029,0.031,-0.003,-0.0117809724509617,0.0,-0.09,0.001,-0.2
1724368067.787,0.0,0.0,0.029,0.031,-0.001,-0.0119555053761611,0.0,0.006,0.0,-0.1
1724368067.805,0.0,0.0,0.028,0.028,0.0,-0.0121823981789204,0.0,-0.036,0.0,0.2
1724368067.835,-0.001,-0.001,0.028,0.028,-0.002,-0.0118158790360016,0.0,-0.056,0.0,0.1
1724368067.866,0.0,0.0,0.028,0.029,-0.001,-0.011990411961201,0.0,-0.029,0.0,0.1
1724368067.896,0.0,0.0,0.028,0.029,-0.001,-0.0120253185462409,0.0,0.052,0.0,0.0
1724368067.933,0.0,0.0,0.029,0.031,0.0,-0.0121823981789204,0.0,0.058,-0.001,0.0
1724368067.957,0.0,0.0,0.028,0.027,-0.001,-0.0119555053761611,0.0,0.041,0.0,-0.1
1724368067.988,0.0,0.0,0.028,0.027,-0.001,-0.0119380520836412,0.0,-0.01,0.0,-0.1
1724368068.018,-0.001,-0.001,0.028,0.029,-0.003,-0.0117984257434816,0.0,0.148,-0.002,-0.1
1724368068.048,-0.001,-0.001,0.029,0.03,-0.004,-0.011676252695842,0.0,0.028,0.0,-0.3
1724368068.079,-0.001,0.0,0.029,0.029,-0.004,-0.011693705988362,0.0,-0.002,0.0,-0.2
1724368068.115,0.0,0.0,0.029,0.029,0.0,-0.0122696646415201,0.0,-0.083,0.001,0.2
1724368068.134,0.0,0.0,0.029,0.03,-0.001,-0.0120427718387608,0.0,0.027,0.0,-0.1
1724368068.164,0.0,0.0,0.029,0.028,0.0,-0.0122522113490001,0.0,-0.015,0.0,0.1
1724368068.195,0.0,0.0,0.029,0.028,0.0,-0.0122347580564802,0.0,0.039,0.0,0.1
1724368068.231,0.0,0.0,0.028,0.027,-0.001,-0.0120078652537209,0.0,0.025,0.0,0.1
1724368068.269,0.0,0.0,0.028,0.03,-0.001,-0.0120078652537209,0.0,0.017,0.0,0.0
1724368068.293,0.0,0.0,0.028,0.027,0.0,-0.0121823981789204,0.0,0.001,0.0,0.1
1724368068.317,0.0,0.0,0.027,0.027,0.0,-0.0121649448864004,0.0,0.05,0.0,0.1
1724368068.348,0.0,0.0,0.028,0.03,0.0,-0.0121823981789204,0.0,-0.021,0.0,0.1
1724368068.39,0.0,0.0,0.028,0.027,0.0,-0.0121474915938805,0.0,-0.043,0.0,0.0
1724368068.409,0.0,0.0,0.027,0.027,-0.001,-0.0119555053761611,0.0,-0.009,0.0,0.0
1724368068.445,0.0,0.0,0.028,0.029,0.0,-0.0121823981789204,0.0,0.003,0.0,0.0
1724368068.462,0.0,0.0,0.028,0.028,-0.002,-0.0119380520836412,0.0,0.08,-0.001,-0.1
1724368068.493,0.0,0.0,0.028,0.028,0.0,-0.0121649448864004,0.0,0.049,0.0,0.1
1724368068.523,0.0,0.0,0.027,0.027,-0.002,-0.0119555053761611,0.0,0.018,0.0,0.1
1724368068.554,-0.001,0.0,0.027,0.027,-0.003,-0.0117809724509617,0.0,0.024,0.0,-0.1
1724368068.59,0.0,0.0,0.027,0.027,-0.001,-0.0120253185462409,0.0,-0.006,0.0,0.0
1724368068.614,-0.001,-0.001,0.026,0.027,-0.004,-0.0116587994033221,0.0,0.003,0.0,-0.3
1724368068.657,0.0,0.0,0.028,0.03,-0.001,-0.0120951317163207,0.0,-0.117,0.002,0.1
1724368068.681,-0.001,0.0,0.028,0.029,-0.003,-0.0117460658659218,0.0,-0.027,0.0,0.1
1724368068.706,0.0,0.0,0.028,0.029,0.0,-0.0123220245190799,0.0,0.027,0.0,0.2
1724368068.736,0.0,0.0,0.027,0.027,-0.001,-0.0120951317163207,0.0,0.024,0.0,-0.1
1724368068.767,0.0,0.0,0.028,0.03,0.0,-0.01228711793404,0.0,0.046,0.0,0.3
1724368068.797,-0.001,0.0,0.028,0.029,-0.002,-0.0118856922060813,0.0,0.113,-0.001,0.0
1724368068.827,-0.001,0.0,0.029,0.029,-0.002,-0.0119205987911212,0.0,0.024,0.0,-0.2
1724368068.864,-0.001,0.0,0.029,0.029,-0.002,-0.0119380520836412,0.0,-0.01,0.0,0.0
1724368068.888,-0.001,0.0,0.028,0.028,-0.002,-0.0119205987911212,0.0,0.016,0.0,0.0
1724368068.919,0.0,0.0,0.028,0.028,0.0,-0.01228711793404,0.0,0.063,-0.001,0.1
1724368068.943,-0.001,0.0,0.029,0.03,-0.002,-0.0118856922060813,0.0,-0.08,0.001,0.1
1724368068.974,0.0,0.0,0.029,0.03,0.001,-0.0123220245190799,0.0,-0.008,0.0,0.4
1724368069.004,-0.001,0.0,0.029,0.028,-0.004,-0.0115191730631625,0.0,-0.026,0.0,-0.3
1724368069.047,0.0,0.0,0.029,0.028,0.0,-0.01230457122656,0.0,0.029,0.0,-0.1
1724368069.071,0.0,0.0,0.029,0.03,0.0,-0.0121125850088406,0.0,0.031,0.0,0.2
1724368069.095,-0.001,0.0,0.029,0.029,-0.003,-0.0117460658659218,0.0,0.009,0.0,-0.2
1724368069.126,0.0,0.0,0.029,0.029,0.0,-0.0122522113490001,0.0,0.013,0.0,0.3
1724368069.174,0.0,0.0,0.029,0.029,0.0,-0.0122522113490001,0.0,-0.035,0.0,0.3
1724368069.187,0.0,0.0,0.029,0.029,0.0,-0.0122696646415201,0.0,-0.072,0.001,0.3
1724368069.217,-0.001,0.0,0.029,0.029,-0.003,-0.0117460658659218,0.0,-0.004,0.0,0.0
1724368069.247,0.0,0.0,0.029,0.029,0.0,-0.01228711793404,0.0,-0.008,0.0,0.2
1724368069.273,0.0,0.0,0.029,0.031,0.0,-0.01228711793404,0.0,0.057,0.0,0.3
1724368069.303,-0.001,0.0,0.028,0.025,-0.004,-0.0117111592808819,0.0,0.037,0.0,-0.3
1724368069.334,0.0,0.0,0.027,0.025,-0.001,-0.0120951317163207,0.0,-0.009,0.0,-0.1
1724368069.37,-0.001,-0.001,0.028,0.03,-0.004,-0.011676252695842,0.0,0.02,0.0,-0.2
1724368069.394,0.0,0.0,0.028,0.029,-0.001,-0.0121125850088406,0.0,0.0,0.0,-0.1
1724368069.443,0.0,0.0,0.028,0.028,0.0,-0.0122696646415201,0.0,-0.011,0.0,0.0
1724368069.467,0.0,0.0,0.028,0.028,0.0,-0.0122347580564802,0.0,-0.038,0.0,0.0
1724368069.492,0.0,0.0,0.028,0.028,0.0,-0.0121998514714403,0.0,-0.039,0.0,0.0
1724368069.516,0.0,0.0,0.028,0.029,0.0,-0.0121649448864004,0.0,-0.041,0.0,0.0
1724368069.565,-0.001,-0.001,0.028,0.029,-0.001,-0.0119380520836412,0.0,-0.089,0.001,0.1
1724368069.583,0.0,0.0,0.028,0.029,0.0,-0.0121649448864004,0.0,0.033,0.0,0.2
1724368069.607,-0.001,0.0,0.027,0.027,-0.003,-0.0117809724509617,0.0,-0.015,0.0,0.1
1724368069.638,0.0,0.0,0.027,0.027,0.0,-0.0122522113490001,0.0,0.046,0.0,0.0
1724368069.662,0.0,0.0,0.027,0.027,0.0,-0.0122696646415201,0.0,0.016,0.0,0.1
1724368069.699,0.0,0.0,0.026,0.027,-0.001,-0.0120776784238007,0.0,0.032,0.0,-0.1
1724368069.723,0.0,0.0,0.028,0.03,-0.001,-0.0120602251312808,0.0,-0.095,0.001,0.1
1724368069.76,0.0,0.0,0.028,0.03,-0.001,-0.0120776784238007,0.0,-0.058,0.001,0.2
1724368069.784,-0.001,0.0,0.028,0.029,-0.004,-0.0117286125734018,0.0,-0.027,0.0,-0.2
1724368069.814,0.0,0.0,0.029,0.03,0.0,-0.01230457122656,0.0,0.028,0.0,0.3
1724368069.851,-0.001,0.0,0.028,0.027,-0.002,-0.0119031454986013,0.0,-0.008,0.0,-0.2
1724368069.875,0.0,0.0,0.028,0.027,0.0,-0.0120951317163207,0.0,0.057,0.0,0.0
1724368069.906,0.0,0.0,0.028,0.028,-0.001,-0.0120602251312808,0.0,0.064,-0.001,0.0
1724368069.942,0.0,0.0,0.028,0.028,-0.001,-0.0120427718387608,0.0,-0.005,0.0,0.0
1724368069.966,-0.001,-0.001,0.027,0.028,-0.004,-0.0115715329407224,0.0,0.016,0.0,-0.3
1724368070.003,0.0,0.0,0.028,0.029,0.0,-0.0122696646415201,0.0,0.003,0.0,0.0
1724368070.033,0.0,0.0,0.028,0.028,-0.001,-0.0120253185462409,0.0,-0.001,0.0,-0.1
1724368070.058,-0.001,0.0,0.028,0.029,-0.003,-0.0117984257434816,0.0,-0.051,0.0,-0.2
1724368070.088,-0.001,0.0,0.028,0.029,-0.003,-0.0118507856210414,0.0,0.008,0.0,-0.2
1724368070.113,0.0,0.0,0.028,0.028,-0.001,-0.0120602251312808,0.0,0.0,0.0,0.1
1724368070.143,-0.001,0.0,0.027,0.027,-0.003,-0.0118507856210414,0.0,-0.01,0.0,-0.2
1724368070.179,0.0,0.0,0.027,0.027,-0.001,-0.0120427718387608,0.0,0.002,0.0,-0.1
1724368070.21,0.0,0.0,0.028,0.029,-0.001,-0.0120776784238007,0.0,0.002,0.0,0.1
1724368070.234,0.0,0.0,0.028,0.028,0.0,-0.01230457122656,0.0,-0.023,0.0,0.2
1724368070.271,-0.001,0.0,0.028,0.028,-0.004,-0.0116413461108021,0.0,-0.009,0.0,-0.3
1724368070.295,0.0,0.0,0.027,0.028,-0.001,-0.0120951317163207,0.0,-0.016,0.0,-0.1
1724368070.326,0.0,0.0,0.027,0.027,0.0,-0.01230457122656,0.0,0.089,-0.001,0.1
1724368070.356,-0.001,0.0,0.028,0.03,-0.002,-0.0119380520836412,0.0,-0.0,0.0,-0.1
1724368070.386,0.0,0.0,0.028,0.03,-0.001,-0.0121474915938805,0.0,0.112,-0.001,0.0
1724368070.423,0.0,0.0,0.028,0.029,-0.001,-0.0121823981789204,0.0,-0.025,0.0,0.2
1724368070.447,0.0,0.0,0.028,0.027,-0.001,-0.0121649448864004,0.0,-0.022,0.0,0.1
1724368070.478,-0.001,-0.001,0.027,0.027,-0.003,-0.0117460658659218,0.0,0.066,-0.001,-0.3
1724368070.502,0.0,0.0,0.027,0.027,0.0,-0.0123569311041198,0.0,-0.098,0.001,0.1
1724368070.532,0.0,0.0,0.028,0.029,0.0,-0.0123743843966397,0.0,-0.007,0.0,0.3
1724368070.563,-0.001,0.0,0.027,0.027,-0.004,-0.0116064395257622,0.0,0.109,-0.001,-0.4
1724368070.599,0.0,0.0,0.027,0.027,-0.001,-0.0121649448864004,0.0,0.06,-0.001,-0.1
1724368070.624,-0.001,-0.001,0.027,0.028,-0.002,-0.011990411961201,0.0,0.125,-0.002,-0.2
1724368070.66,0.0,0.0,0.028,0.03,0.0,-0.0123569311041198,0.0,0.057,0.0,0.1
1724368070.703,0.0,0.0,0.028,0.028,0.0,-0.0123220245190799,0.0,0.099,-0.001,0.0
1724368070.721,0.0,0.0,0.028,0.028,0.0,-0.01228711793404,0.0,0.096,-0.001,0.0
1724368070.745,0.0,0.0,0.028,0.029,0.0,-0.0122696646415201,0.0,0.042,0.0,0.0
1724368070.782,0.0,0.0,0.028,0.027,-0.001,-0.0121125850088406,0.0,0.051,0.0,0.0
1724368070.806,0.0,0.0,0.028,0.027,-0.001,-0.0120951317163207,0.0,-0.066,0.001,-0.1
1724368070.837,0.0,0.0,0.028,0.03,0.0,-0.0122522113490001,0.0,0.014,0.0,0.1
1724368070.867,0.0,0.0,0.029,0.03,0.0,-0.0122696646415201,0.0,-0.042,0.0,0.1
1724368070.891,0.0,0.0,0.028,0.028,-0.001,-0.0120602251312808,0.0,-0.051,0.0,-0.1
1724368070.922,0.0,0.0,0.029,0.028,-0.001,-0.0120602251312808,0.0,0.044,0.0,-0.1
1724368070.959,0.0,0.0,0.029,0.03,-0.001,-0.0120951317163207,0.0,0.036,0.0,-0.1
1724368070.989,0.0,0.0,0.028,0.028,-0.001,-0.0120776784238007,0.0,0.095,-0.001,-0.1
1724368071.013,0.0,0.0,0.028,0.028,-0.001,-0.0120602251312808,0.0,0.105,-0.001,0.0
1724368071.044,0.0,0.0,0.029,0.031,0.0,-0.0122696646415201,0.0,0.069,-0.001,0.1
1724368071.074,0.0,0.0,0.028,0.027,-0.001,-0.0120776784238007,0.0,-0.038,0.0,-0.1
1724368071.111,-0.001,0.0,0.028,0.029,-0.002,-0.0118507856210414,0.0,-0.029,0.0,-0.2
1724368071.129,0.0,0.0,0.028,0.029,0.0,-0.0122522113490001,0.0,-0.021,0.0,0.2
1724368071.166,-0.001,0.0,0.029,0.03,-0.002,-0.0118682389135614,0.0,0.017,0.0,0.0
1724368071.202,-0.001,0.0,0.029,0.029,-0.003,-0.0118507856210414,0.0,-0.032,0.0,0.0
1724368071.226,-0.001,0.0,0.029,0.029,-0.001,-0.0120776784238007,0.0,0.001,0.0,0.1
1724368071.258,0.0,0.0,0.028,0.027,0.0,-0.0123220245190799,0.0,0.026,0.0,0.1
1724368071.282,-0.001,0.0,0.028,0.03,-0.001,-0.0120776784238007,0.0,0.072,-0.001,-0.1
1724368071.313,-0.001,0.0,0.028,0.028,-0.002,-0.0120776784238007,0.0,0.052,0.0,0.0
1724368071.343,-0.001,0.0,0.028,0.028,-0.001,-0.0121823981789204,0.0,-0.019,0.0,0.2
1724368071.386,0.0,0.0,0.028,0.029,0.0,-0.0123569311041198,0.0,0.112,-0.001,0.1
1724368071.41,0.0,0.0,0.029,0.03,0.0,-0.0123569311041198,0.0,0.096,-0.001,0.1
1724368071.435,-0.001,0.0,0.029,0.03,-0.002,-0.0121125850088406,0.0,0.029,0.0,-0.1
1724368071.465,-0.001,0.0,0.029,0.029,-0.002,-0.0121300383013605,0.0,0.021,0.0,-0.1
1724368071.495,0.0,0.0,0.028,0.027,0.0,-0.0123918376891597,0.0,0.041,0.0,0.1
1724368071.52,-0.001,0.0,0.028,0.029,-0.001,-0.0121998514714403,0.0,-0.036,0.0,0.1
1724368071.55,0.0,0.0,0.028,0.029,0.0,-0.0124441975667195,0.0,-0.09,0.001,0.0
1724368071.581,0.0,0.0,0.028,0.029,-0.001,-0.01228711793404,0.0,0.003,0.0,0.0
1724368071.617,-0.001,0.0,0.028,0.029,-0.002,-0.0121300383013605,0.0,0.04,0.0,0.0
1724368071.654,0.0,0.0,0.028,0.029,-0.001,-0.01230457122656,0.0,-0.065,0.001,0.1
1724368071.678,0.0,0.0,0.028,0.027,0.0,-0.0124791041517594,0.0,0.02,0.0,0.1
1724368071.702,0.0,0.0,0.028,0.03,-0.001,-0.0122347580564802,0.0,-0.01,0.0,-0.1
1724368071.733,0.0,0.0,0.028,0.027,-0.001,-0.0122347580564802,0.0,-0.027,0.0,0.0
1724368071.769,0.0,0.0,0.028,0.027,0.0,-0.0124441975667195,0.0,0.012,0.0,0.1
1724368071.794,-0.001,0.0,0.028,0.029,-0.001,-0.0121823981789204,0.0,0.089,-0.001,-0.1
1724368071.83,-0.001,0.0,0.028,0.029,-0.001,-0.0121823981789204,0.0,-0.007,0.0,-0.1
1724368071.855,-0.001,0.0,0.028,0.029,-0.005,-0.0117111592808819,0.0,0.005,0.0,-0.3
1724368071.897,-0.001,0.0,0.028,0.028,-0.003,-0.0120253185462409,0.0,0.046,0.0,0.1
1724368071.916,0.0,0.0,0.027,0.027,-0.001,-0.0122522113490001,0.0,-0.015,0.0,0.2
1724368071.94,-0.002,0.0,0.027,0.027,-0.007,-0.0113970000155229,0.0,0.041,0.0,-0.5
1724368071.97,-0.001,0.0,0.027,0.027,0.0,-0.0122522113490001,0.0,0.079,-0.001,0.4
1724368072.007,-0.001,0.0,0.027,0.028,-0.001,-0.0122173047639603,0.0,-0.115,0.002,0.4
1724368072.037,-0.001,0.0,0.027,0.028,-0.001,-0.0121649448864004,0.0,0.045,0.0,-0.1
1724368072.062,-0.001,-0.001,0.027,0.028,-0.004,-0.0116587994033221,0.0,-0.028,0.0,-0.2
1724368072.098,0.0,0.0,0.027,0.027,0.0,-0.0123569311041198,0.0,-0.119,0.002,0.2
1724368072.123,0.0,0.0,0.027,0.027,0.0,-0.0123220245190799,0.0,0.1,-0.001,0.1
1724368072.165,-0.001,0.0,0.027,0.028,-0.002,-0.0119031454986013,0.0,-0.006,0.0,0.0
1724368072.19,0.0,0.0,0.027,0.028,0.0,-0.0123569311041198,0.0,0.101,-0.001,0.0
1724368072.214,0.0,0.0,0.027,0.028,0.0,-0.0123743843966397,0.0,0.025,0.0,0.2
1724368072.244,-0.001,0.0,0.027,0.028,-0.003,-0.0117984257434816,0.0,-0.007,0.0,-0.3
1724368072.281,0.0,0.0,0.027,0.028,0.0,-0.0123569311041198,0.0,-0.047,0.0,0.1
1724368072.305,0.0,0.0,0.029,0.031,0.0,-0.0121474915938805,0.0,-0.1,0.001,0.0
1724368072.33,0.0,0.0,0.029,0.03,0.0,-0.0121125850088406,0.0,0.024,0.0,-0.1
1724368072.366,-0.001,0.0,0.03,0.03,-0.002,-0.0119205987911212,0.0,0.017,0.0,-0.1
1724368072.39,0.0,0.0,0.03,0.03,-0.001,-0.0121300383013605,0.0,0.075,-0.001,-0.1
1724368072.421,0.0,0.0,0.03,0.029,0.0,-0.0123220245190799,0.0,0.032,0.0,0.2
1724368072.451,-0.001,0.0,0.029,0.028,-0.006,-0.0114668131856027,0.0,-0.018,0.0,-0.3
1724368072.482,0.0,0.0,0.029,0.028,0.0,-0.0123569311041198,0.0,0.056,0.0,0.5
1724368072.518,0.0,0.0,0.028,0.028,0.0,-0.0123220245190799,0.0,0.001,0.0,0.1
1724368072.549,0.0,0.0,0.028,0.029,0.0,-0.0120951317163207,0.0,-0.051,0.0,0.1
1724368072.573,-0.001,0.0,0.03,0.032,-0.001,-0.0118682389135614,0.0,0.007,0.0,-0.2
1724368072.604,0.0,0.0,0.03,0.032,0.0,-0.0122347580564802,0.0,-0.007,0.0,0.1
1724368072.634,0.0,0.0,0.029,0.028,0.0,-0.0122173047639603,0.0,-0.004,0.0,0.1
1724368072.677,0.0,0.0,0.029,0.03,0.0,-0.0121823981789204,0.0,0.052,0.0,0.0
1724368072.689,0.0,0.0,0.029,0.03,0.0,-0.0122173047639603,0.0,0.011,0.0,0.2
1724368072.725,0.0,0.0,0.029,0.029,-0.001,-0.0120078652537209,0.0,0.044,0.0,-0.1
1724368072.756,0.0,0.0,0.028,0.028,-0.001,-0.011990411961201,0.0,0.074,-0.001,-0.1
1724368072.78,0.0,0.0,0.029,0.03,0.0,-0.0121823981789204,0.0,0.018,0.0,0.0
1724368072.811,0.0,0.0,0.029,0.03,0.0,-0.0121823981789204,0.0,0.092,-0.001,0.0
1724368072.841,0.0,0.0,0.028,0.029,0.0,-0.0121474915938805,0.0,-0.026,0.0,0.1
1724368072.872,0.0,0.0,0.028,0.028,0.0,-0.0121474915938805,0.0,-0.012,0.0,0.1
1724368072.908,0.0,0.0,0.028,0.028,-0.001,-0.0118856922060813,0.0,0.03,0.0,-0.1
1724368072.939,0.0,0.0,0.028,0.029,0.0,-0.0121125850088406,0.0,0.027,0.0,0.2
1724368072.969,0.0,0.0,0.028,0.029,-0.001,-0.0119380520836412,0.0,0.08,-0.001,0.1
1724368072.993,0.0,0.0,0.027,0.027,0.0,-0.0121125850088406,0.0,-0.002,0.0,0.1
1724368073.024,0.0,0.0,0.027,0.027,0.0,-0.0120951317163207,0.0,0.023,0.0,0.1
1724368073.06,0.0,0.0,0.028,0.029,0.0,-0.0120951317163207,0.0,-0.022,0.0,0.1
1724368073.079,-0.001,0.0,0.028,0.028,-0.003,-0.0117111592808819,0.0,0.029,0.0,-0.1
1724368073.109,0.0,0.0,0.027,0.028,-0.002,-0.0118856922060813,0.0,0.043,0.0,-0.1
1724368073.146,0.0,0.0,0.028,0.029,0.0,-0.0120951317163207,0.0,0.079,-0.001,0.2
1724368073.17,0.0,0.0,0.027,0.027,0.0,-0.0121300383013605,0.0,0.09,-0.001,0.3
1724368073.201,-0.001,0.0,0.027,0.027,-0.003,-0.0117635191584417,0.0,0.082,-0.001,0.0
1724368073.231,0.0,0.0,0.027,0.027,0.0,-0.0121649448864004,0.0,-0.043,0.0,0.0
1724368073.262,0.0,0.0,0.027,0.028,-0.002,-0.0119729586686811,0.0,-0.014,0.0,0.1
1724368073.292,-0.001,0.0,0.028,0.03,-0.002,-0.0119205987911212,0.0,-0.094,0.001,0.1
1724368073.329,0.0,0.0,0.028,0.03,0.0,-0.0121300383013605,0.0,0.016,0.0,0.0
1724368073.353,0.0,0.0,0.028,0.029,0.0,-0.0121649448864004,0.0,0.025,0.0,0.1
1724368073.389,-0.001,0.0,0.028,0.027,-0.002,-0.0119205987911212,0.0,0.096,-0.001,-0.1
1724368073.414,-0.001,0.0,0.027,0.027,-0.002,-0.0119205987911212,0.0,-0.06,0.001,0.0
1724368073.45,-0.001,0.0,0.027,0.027,-0.001,-0.0119205987911212,0.0,0.033,0.0,0.0
1724368073.469,-0.001,0.0,0.027,0.028,-0.003,-0.0117635191584417,0.0,-0.04,0.0,0.1
1724368073.499,-0.001,0.0,0.028,0.029,-0.004,-0.0116238928182822,0.0,-0.019,0.0,-0.1
1724368073.53,0.0,0.0,0.028,0.029,0.0,-0.0122347580564802,0.0,0.057,-0.001,0.0
1724368073.578,0.0,0.0,0.029,0.03,0.0,-0.0122522113490001,0.0,0.018,0.0,0.3
1724368073.59,0.0,0.0,0.029,0.03,0.0,-0.0122522113490001,0.0,0.045,0.0,0.1
1724368073.627,-0.001,0.0,0.029,0.03,-0.003,-0.0118682389135614,0.0,0.046,0.0,-0.1
1724368073.651,0.0,0.0,0.03,0.03,-0.002,-0.0120776784238007,0.0,0.105,-0.001,-0.1
1724368073.688,0.0,0.0,0.029,0.029,0.0,-0.01230457122656,0.0,0.015,0.0,0.3
1724368073.712,-0.001,0.0,0.029,0.028,-0.006,-0.0115191730631625,0.0,-0.0,0.0,-0.1
1724368073.743,0.0,-0.001,0.029,0.028,0.0,-0.0123569311041198,0.0,-0.15,0.002,0.0
1724368073.773,-0.001,0.0,0.029,0.029,-0.001,-0.0121125850088406,0.0,0.07,-0.001,-0.1
1724368073.804,-0.001,0.0,0.028,0.028,-0.001,-0.0121823981789204,0.0,0.044,0.0,0.2
1724368073.84,-0.001,0.0,0.028,0.029,-0.004,-0.0117111592808819,0.0,0.071,-0.001,-0.3
1724368073.859,-0.001,0.0,0.028,0.029,-0.001,-0.0121474915938805,0.0,-0.114,0.001,-0.1
1724368073.901,-0.001,0.0,0.028,0.029,0.0,-0.0121649448864004,0.0,-0.092,0.001,0.3
1724368073.919,-0.001,0.0,0.028,0.027,-0.001,-0.0120078652537209,0.0,-0.029,0.0,0.1
1724368073.95,-0.001,0.0,0.027,0.027,-0.002,-0.0119729586686811,0.0,0.083,-0.001,0.1
1724368073.987,-0.001,0.0,0.027,0.028,0.0,-0.0122173047639603,0.0,-0.078,0.001,0.2
1724368074.011,0.0,0.0,0.028,0.029,0.001,-0.0124092909816796,0.0,-0.015,0.0,0.3
1724368074.041,-0.001,0.0,0.027,0.027,-0.002,-0.0119205987911212,0.0,-0.076,0.001,-0.2
1724368074.084,0.0,0.0,0.027,0.027,0.001,-0.0123569311041198,0.0,0.047,0.0,0.0
1724368074.12,-0.001,0.0,0.027,0.027,0.0,-0.0121125850088406,0.0,0.092,-0.001,0.2
1724368074.133,-0.001,0.0,0.027,0.028,-0.003,-0.011693705988362,0.0,-0.094,0.001,-0.3
1724368074.175,0.0,0.0,0.027,0.028,0.0,-0.0122347580564802,0.0,-0.094,0.001,0.1
1724368074.187,-0.001,0.0,0.028,0.03,0.0,-0.0120253185462409,0.0,0.073,-0.001,-0.1
1724368074.224,-0.001,0.0,0.028,0.029,0.0,-0.0120078652537209,0.0,0.131,-0.002,0.0
1724368074.255,-0.001,0.0,0.028,0.029,0.0,-0.0120253185462409,0.0,-0.102,0.001,0.0
1724368074.28,0.0,0.0,0.028,0.029,0.0,-0.0121649448864004,0.0,0.054,0.0,0.1
1724368074.316,-0.001,0.0,0.029,0.029,-0.001,-0.0119555053761611,0.0,0.08,-0.001,-0.1
1724368074.341,0.0,0.0,0.03,0.032,0.0,-0.0121998514714403,0.0,-0.077,0.001,0.1
1724368074.384,0.0,0.0,0.03,0.032,0.0,-0.0121998514714403,0.0,0.014,0.0,0.1
1724368074.408,0.0,0.0,0.03,0.03,0.0,-0.0121998514714403,0.0,0.11,-0.001,0.2
1724368074.432,0.0,0.0,0.029,0.028,0.0,-0.0121823981789204,0.0,0.06,-0.001,0.2
1724368074.463,0.0,0.0,0.028,0.028,-0.002,0.0001396263401595,0.0,-0.002,0.0,-0.2
1724368074.499,0.0,0.0,0.028,0.028,-0.003,-0.0004188790204786,0.0,0.102,-0.001,0.1
1724368074.518,0.0,0.0,0.028,0.029,-0.008,-0.0001396263401595,0.0,0.107,-0.001,-0.1
1724368074.554,0.0,0.0,0.029,0.03,-0.009,-0.0016406094968746,0.0,0.047,0.0,0.1
1724368074.579,0.0,0.0,0.029,0.03,-0.015,-0.0003141592653589,0.0,0.139,-0.002,-0.2
1724368074.609,0.0,0.0,0.028,0.028,-0.01,-0.0042236967898262,0.0,0.123,-0.002,0.1
1724368074.64,-0.001,0.0,0.028,0.027,-0.012,-0.0042062434973063,0.0,-0.015,0.0,0.1
1724368074.67,-0.001,0.0,0.027,0.028,-0.014,-0.0044505895925855,0.0,0.055,0.0,-0.2
1724368074.701,0.0,0.0,0.027,0.028,-0.006,-0.0081855941918534,0.0,0.025,0.0,0.1
1724368074.731,-0.001,0.0,0.028,0.029,-0.011,-0.0067718774977379,0.0,-0.013,0.0,-0.2
1724368074.762,-0.001,0.0,0.028,0.028,-0.008,-0.0084299402871326,0.0,0.023,0.0,-0.1
1724368074.792,0.0,0.0,0.027,0.028,-0.004,-0.009843656981248,0.0,0.0,0.0,0.0
1724368074.822,0.0,0.0,0.028,0.03,-0.003,-0.0103323491718064,0.0,-0.02,0.0,0.2
1724368074.853,-0.001,0.0,0.029,0.03,-0.007,-0.0095993108859688,0.0,-0.062,0.001,0.1
1724368074.883,-0.001,0.0,0.028,0.027,-0.007,-0.0098960168588078,0.0,-0.082,0.001,-0.2
1724368074.908,0.0,0.0,0.028,0.027,-0.002,-0.0112050137978035,0.0,-0.025,0.0,0.0
1724368074.938,0.0,0.0,0.028,0.03,-0.002,-0.011379546723003,0.0,0.178,-0.003,0.2
1724368074.969,-0.001,0.0,0.028,0.027,-0.005,-0.0105941485596055,0.0,0.008,0.0,-0.1
1724368074.999,0.0,0.0,0.028,0.027,-0.003,-0.0111002940426839,0.0,-0.019,0.0,0.1
1724368075.03,0.0,0.0,0.027,0.028,0.0,-0.0117286125734018,0.0,-0.002,0.0,0.2
1724368075.06,-0.001,0.0,0.027,0.027,-0.004,-0.0110479341651241,0.0,-0.127,0.002,-0.1
1724368075.091,-0.001,0.0,0.028,0.031,-0.005,-0.0109781209950443,0.0,-0.01,0.0,-0.1
1724368075.121,0.0,0.0,0.028,0.031,-0.002,-0.0115366263556825,0.0,0.072,-0.001,-0.1
1724368075.152,-0.001,0.0,0.03,0.032,-0.003,-0.0112748269678833,0.0,-0.139,0.002,0.1
1724368075.182,-0.001,0.0,0.03,0.029,-0.003,-0.0113271868454432,0.0,-0.071,0.001,-0.2
1724368075.212,-0.001,0.0,0.03,0.029,-0.004,-0.0112748269678833,0.0,0.167,-0.002,-0.2
1724368075.237,0.0,0.0,0.029,0.028,-0.001,-0.0117984257434816,0.0,0.065,-0.001,0.1
1724368075.273,-0.001,0.0,0.028,0.028,-0.005,-0.0112050137978035,0.0,0.029,0.0,-0.2
1724368075.298,-0.001,0.0,0.028,0.027,-0.005,-0.0113271868454432,0.0,0.023,0.0,-0.1
1724368075.328,-0.001,0.0,0.027,0.027,-0.003,-0.011676252695842,0.0,0.061,-0.001,0.1
1724368075.359,0.0,0.0,0.028,0.029,0.0,-0.01228711793404,0.0,-0.002,0.0,0.2
1724368075.389,0.0,0.0,0.028,0.029,-0.001,-0.0119729586686811,0.0,0.065,-0.001,-0.1
1724368075.42,0.0,0.0,0.028,0.029,0.0,-0.0122347580564802,0.0,0.007,0.0,0.1
1724368075.45,0.0,0.0,0.029,0.03,0.0,-0.0122522113490001,0.0,0.009,0.0,0.2
1724368075.481,-0.001,-0.001,0.028,0.028,-0.004,-0.0114668131856027,0.0,-0.01,0.0,-0.2
1724368075.517,0.0,0.0,0.028,0.029,0.0,-0.0119555053761611,0.0,0.009,0.0,0.0
1724368075.542,0.0,0.0,0.028,0.029,0.0,-0.0121649448864004,0.0,-0.012,0.0,0.0
1724368075.566,0.0,0.0,0.029,0.03,0.0,-0.0121649448864004,0.0,0.023,0.0,0.4
1724368075.615,-0.001,0.0,0.028,0.028,-0.003,-0.0116064395257622,0.0,0.017,0.0,-0.2
1724368075.633,0.0,0.0,0.028,0.028,0.0,-0.0121823981789204,0.0,-0.011,0.0,0.0
1724368075.67,0.0,0.0,0.028,0.028,0.0,-0.0121649448864004,0.0,0.005,0.0,0.0
1724368075.688,0.0,0.0,0.028,0.029,0.0,-0.0121649448864004,0.0,0.027,0.0,0.2
1724368075.718,-0.001,0.0,0.028,0.029,-0.006,-0.0112573736753634,0.0,0.081,-0.001,-0.4
1724368075.749,0.0,0.0,0.028,0.029,0.0,-0.0120602251312808,0.0,0.035,0.0,-0.1
1724368075.779,0.0,0.0,0.028,0.029,-0.003,-0.011693705988362,0.0,0.014,0.0,-0.1
1724368075.81,0.0,0.0,0.028,0.029,-0.001,-0.0118856922060813,0.0,-0.031,0.0,0.1
1724368075.84,0.0,0.0,0.028,0.029,0.0,-0.0122696646415201,0.0,0.064,-0.001,0.1
1724368075.871,0.0,0.0,0.028,0.028,0.0,-0.0120776784238007,0.0,0.004,0.0,0.2
1724368075.901,0.0,0.0,0.027,0.027,-0.001,-0.0119031454986013,0.0,0.082,-0.001,0.2
1724368075.938,0.0,0.0,0.027,0.028,-0.003,-0.011676252695842,0.0,0.085,-0.001,-0.3
1724368075.956,0.0,0.0,0.027,0.028,0.0,-0.0120776784238007,0.0,-0.024,0.0,-0.1
1724368075.986,0.0,0.0,0.028,0.03,-0.002,-0.0118682389135614,0.0,-0.033,0.0,-0.1
1724368076.017,-0.001,0.0,0.027,0.027,-0.003,-0.0116413461108021,0.0,-0.006,0.0,-0.1
1724368076.047,0.0,0.0,0.027,0.027,0.0,-0.0121125850088406,0.0,0.03,0.0,0.0
1724368076.078,0.0,0.0,0.029,0.031,-0.001,-0.0120776784238007,0.0,-0.06,0.001,0.0
1724368076.114,-0.001,0.0,0.029,0.03,-0.004,-0.0116413461108021,0.0,0.036,0.0,-0.1
1724368076.139,0.0,0.0,0.029,0.029,-0.003,-0.0119205987911212,0.0,0.065,-0.001,-0.2
1724368076.169,0.0,0.0,0.029,0.029,-0.001,-0.0121300383013605,0.0,0.006,0.0,0.1
1724368076.2,0.0,0.0,0.029,0.029,-0.001,-0.0121300383013605,0.0,-0.025,0.0,0.0
1724368076.23,0.0,0.0,0.028,0.027,0.0,-0.0123394778115999,0.0,0.034,0.0,0.0
1724368076.261,0.0,0.0,0.028,0.027,0.0,-0.01230457122656,0.0,0.014,0.0,0.0
1724368076.291,0.0,0.0,0.028,0.028,-0.002,-0.0120427718387608,0.0,-0.035,0.0,-0.1
1724368076.328,0.0,0.0,0.028,0.03,-0.004,-0.0117984257434816,0.0,-0.019,0.0,-0.1
1724368076.346,0.0,0.0,0.028,0.027,-0.002,-0.0120253185462409,0.0,0.031,0.0,0.1
1724368076.376,0.0,0.0,0.027,0.027,0.0,-0.01228711793404,0.0,0.099,-0.001,0.2
1724368076.407,0.0,0.0,0.028,0.029,-0.001,-0.0121125850088406,0.0,-0.05,0.0,0.2
1724368076.437,0.0,0.0,0.027,0.027,0.0,-0.01228711793404,0.0,0.13,-0.002,0.0
1724368076.468,0.0,0.0,0.027,0.027,0.0,-0.0122696646415201,0.0,-0.008,0.0,0.1
1724368076.498,0.0,0.0,0.028,0.029,0.0,-0.01228711793404,0.0,0.021,0.0,0.3
1724368076.528,0.0,0.0,0.027,0.027,-0.001,-0.0120602251312808,0.0,0.004,0.0,-0.1
1724368076.559,0.0,0.0,0.027,0.028,-0.001,-0.0120427718387608,0.0,-0.1,0.001,-0.1
1724368076.589,0.0,0.0,0.027,0.028,0.0,-0.0120602251312808,0.0,0.067,-0.001,-0.1
1724368076.626,0.0,0.0,0.028,0.029,0.001,-0.0119205987911212,0.0,-1.519,0.026,0.1
1724368076.65,-0.001,0.0,0.027,0.027,0.0,-0.0113271868454432,0.0,1.006,-0.017,-0.2
1724368076.681,0.0,0.0,0.027,0.027,0.007,-0.0119205987911212,0.0,-0.367,0.006,0.0
1724368076.711,-0.001,-0.002,0.028,0.029,0.005,-0.0111701072127637,0.0,0.58,-0.01,0.3
1724368076.735,-0.003,-0.002,0.027,0.028,0.0,-0.0102625360017266,0.0,-3.805,0.066,0.0
1724368076.766,-0.003,-0.002,0.027,0.027,0.002,-0.0098785635662879,0.0,6.35,-0.11,0.1
1724368076.796,-0.007,-0.003,0.026,0.027,-0.014,-0.0072256631032565,0.0,-1.787,0.031,-0.5
1724368076.833,-0.01,-0.004,0.023,0.022,-0.026,-0.0053407075111026,0.0,6.73,-0.117,-0.3
1724368076.857,-0.014,-0.008,0.022,0.021,-0.038,-0.0041887902047863,0.0,2.595,-0.045,-0.5
1724368076.894,-0.017,-0.013,0.021,0.021,-0.049,-0.0016231562043547,0.0,9.161,-0.159,-0.2
1724368076.918,-0.025,-0.015,0.022,0.024,-0.081,0.0028099800957108,0.0,-7.239,0.126,-1.5
1724368076.949,-0.03,-0.019,0.02,0.018,-0.098,0.0056897733615015,0.0,5.53,-0.096,-0.8
1724368076.979,-0.033,-0.023,0.02,0.031,-0.106,0.0059166661642607,0.0,-3.414,0.059,-0.4
1724368077.009,-0.045,-0.029,0.024,0.031,-0.149,0.0094422312532893,0.0,11.208,-0.195,-1.8
1724368077.046,-0.051,-0.033,0.024,0.023,-0.157,0.0111002940426839,0.0,-0.679,0.011,-0.3
1724368077.07,-0.062,-0.035,0.021,0.02,-0.198,0.0154461638801498,0.0,11.767,-0.205,-2.8
1724368077.101,-0.068,-0.037,0.02,0.02,-0.215,0.0159348560707082,0.0,-7.014,0.122,-2.0
1724368077.125,-0.076,-0.042,0.02,0.022,-0.23,0.0158999494856683,0.0,11.835,-0.206,-1.0
1724368077.156,-0.088,-0.046,0.017,0.017,-0.26,0.0125663706143591,0.0,17.61,-0.307,-1.6
1724368077.186,-0.095,-0.048,0.017,0.01,-0.258,0.0016406094968746,0.0,15.262,-0.266,-3.2
1724368077.229,-0.104,-0.051,0.013,0.01,-0.266,-0.0092502450355699,0.0,28.574,-0.498,-2.3
1724368077.247,-0.112,-0.054,0.006,0.0,-0.263,-0.0225322006432467,0.0,56.232,-0.981,-0.7
1724368077.277,-0.116,-0.057,0.004,0.0,-0.231,-0.0490088453960007,0.0,50.49,-0.881,-2.1
1724368077.308,-0.122,-0.058,0.002,0.0,-0.191,-0.0873537290623162,0.0,47.207,-0.823,-0.6
1724368077.338,-0.122,-0.055,0.0,0.0,-0.134,-0.1105317015288008,0.0,22.397,-0.39,0.5
1724368077.369,-0.118,-0.044,-0.001,0.0,-0.057,-0.1254891732183923,0.0,6.196,-0.108,1.0
1724368077.405,-0.119,-0.046,0.0,0.0,-0.023,-0.1209164105781671,0.0,-24.817,0.433,1.4
1724368077.429,-0.107,-0.038,-0.003,0.0,0.079,-0.1117359787126769,0.0,-44.764,0.781,1.7
1724368077.46,-0.093,-0.03,-0.005,0.0,0.17,-0.1066047107118136,0.0,-52.48,0.915,4.2
1724368077.496,-0.079,-0.023,-0.005,0.0,0.245,-0.073548174679041,0.0,-65.374,1.14,2.5
1724368077.515,-0.063,-0.015,-0.009,0.0,0.308,-0.0442790031230961,0.0,-73.175,1.277,2.4
1724368077.545,-0.047,-0.006,-0.006,0.006,0.356,-0.0129503430497979,0.0,-69.514,1.213,3.3
1724368077.576,-0.033,0.0,0.0,0.013,0.371,0.0194953277447766,0.0,-56.924,0.993,3.8
1724368077.606,-0.023,0.006,0.002,0.027,0.357,0.0486597795456019,0.0,-51.113,0.892,1.6
1724368077.636,-0.013,0.012,0.014,0.027,0.356,0.0664446846234241,0.0,-51.753,0.903,2.4
1724368077.673,-0.005,0.016,0.025,0.033,0.311,0.0974068255538035,0.0,-43.134,0.752,1.4
1724368077.697,0.0,0.019,0.036,0.045,0.255,0.1235867643337184,0.0,-19.262,0.336,0.3
1724368077.728,0.001,0.019,0.042,0.045,0.184,0.1362054948256374,0.0,3.626,-0.063,0.0
1724368077.764,0.001,0.019,0.055,0.062,0.114,0.1365894672610762,0.0,25.229,-0.44,-0.8
1724368077.789,-0.003,0.015,0.065,0.069,0.035,0.128944925137341,0.0,36.559,-0.638,-1.0
1724368077.819,-0.008,0.011,0.069,0.068,-0.026,0.1130973355292325,0.0,42.404,-0.74,-0.9
1724368077.85,-0.018,0.006,0.071,0.068,-0.1,0.0969181333632451,0.0,39.31,-0.686,-2.2
1724368077.88,-0.026,0.002,0.072,0.07,-0.149,0.0778067780539072,0.0,46.804,-0.816,-2.7
1724368077.904,-0.034,-0.001,0.07,0.066,-0.189,0.0555189235059396,0.0,53.142,-0.927,-1.4
1724368077.935,-0.046,-0.007,0.07,0.066,-0.238,0.0327423767674136,0.0,55.869,-0.975,-3.1
1724368077.965,-0.055,-0.011,0.064,0.057,-0.256,0.007051130178057,0.0,49.071,-0.856,-3.3
1724368077.996,-0.063,-0.015,0.058,0.051,-0.257,-0.0166853476490657,0.0,41.97,-0.732,-1.5
1724368078.026,-0.072,-0.019,0.057,0.043,-0.257,-0.036302848441482,0.0,38.013,-0.663,-1.1
1724368078.057,-0.081,-0.024,0.049,0.043,-0.258,-0.0532674487708669,0.0,37.538,-0.655,-2.6
1724368078.087,-0.087,-0.027,0.044,0.039,-0.232,-0.0718901118896464,0.0,22.372,-0.39,-0.9
1724368078.118,-0.093,-0.031,0.047,0.052,-0.202,-0.0831998454425697,0.0,15.547,-0.271,-0.5
1724368078.16,-0.1,-0.033,0.049,0.052,-0.181,-0.0913156264643433,0.0,21.529,-0.375,-1.5
1724368078.178,-0.103,-0.035,0.054,0.054,-0.139,-0.1032885851330244,0.0,5.165,-0.09,-0.5
1724368078.209,-0.106,-0.037,0.06,0.061,-0.101,-0.1018399618538691,0.0,-22.317,0.389,-0.4
1724368078.239,-0.108,-0.038,0.066,0.069,-0.066,-0.0916821456072621,0.0,-17.191,0.3,0.0
1724368078.276,-0.107,-0.041,0.074,0.069,-0.025,-0.0839852436059671,0.0,-15.731,0.274,0.4
1724368078.294,-0.107,-0.042,0.08,0.076,0.003,-0.0764105146523117,0.0,-20.898,0.364,0.2
1724368078.325,-0.11,-0.037,0.087,0.087,0.005,-0.062779493194236,0.0,-24.184,0.422,-0.2
1724368078.355,-0.106,-0.036,0.094,0.087,0.037,-0.052604223655109,0.0,-21.477,0.374,1.1
1724368078.385,-0.104,-0.035,0.105,0.104,0.057,-0.0422893277758226,0.0,-20.267,0.353,0.4
1724368078.416,-0.101,-0.034,0.112,0.109,0.073,-0.031991885189056,0.0,-23.157,0.404,0.4
1724368078.446,-0.097,-0.033,0.121,0.117,0.087,-0.0204203522483336,0.0,-27.121,0.473,1.1
1724368078.477,-0.095,-0.031,0.127,0.117,0.092,-0.0069987703004972,0.0,-25.806,0.45,0.5
1724368078.506,-0.092,-0.03,0.134,0.131,0.093,0.0052534410485029,0.0,-21.114,0.368,0.4
1724368078.543,-0.089,-0.029,0.142,0.142,0.093,0.0162315620435472,0.0,-18.883,0.329,0.6
1724368078.567,-0.086,-0.027,0.149,0.142,0.088,0.0257436064669163,0.0,-12.628,0.22,0.5
1724368078.597,-0.082,-0.026,0.162,0.162,0.082,0.0313635666583381,0.0,-4.898,0.085,0.2
1724368078.628,-0.079,-0.024,0.174,0.176,0.075,0.0336499479784506,0.0,-2.424,0.042,0.2
1724368078.664,-0.076,-0.023,0.183,0.176,0.067,0.0345226126044478,0.0,-3.135,0.054,0.5
1724368078.689,-0.074,-0.022,0.198,0.195,0.058,0.0353429173528851,0.0,-0.84,0.014,0.1
1724368078.713,-0.072,-0.02,0.207,0.199,0.051,0.0339641072438096,0.0,3.745,-0.065,0.4
1724368078.743,-0.07,-0.019,0.214,0.21,0.044,0.0312413936106984,0.0,5.806,-0.101,0.2
1724368078.774,-0.069,-0.018,0.222,0.21,0.036,0.0284139602224676,0.0,5.207,-0.09,0.0
1724368078.804,-0.068,-0.017,0.23,0.223,0.028,0.0263195651200744,0.0,2.069,-0.036,0.0
1724368078.835,-0.061,-0.016,0.238,0.234,0.045,0.0223751210105673,0.0,0.965,-0.016,0.0
1724368078.865,-0.06,-0.015,0.246,0.234,0.037,0.0223751210105673,0.0,-1.92,0.033,0.0
1724368078.902,-0.059,-0.014,0.254,0.246,0.031,0.022759093446006,0.0,1.752,-0.03,0.1
1724368078.938,-0.059,-0.013,0.262,0.255,0.021,0.0220435084526883,0.0,5.799,-0.101,-0.3
1724368078.956,-0.065,-0.013,0.27,0.27,-0.008,0.0219562419900886,0.0,6.741,-0.117,-0.5
1724368078.987,-0.066,-0.014,0.278,0.27,-0.014,0.0179768912955415,0.0,11.162,-0.194,-0.1
1724368079.017,-0.066,-0.013,0.286,0.281,-0.018,0.0123918376891597,0.0,8.558,-0.149,-0.1
1724368079.048,-0.067,-0.013,0.294,0.291,-0.022,0.0078016217564146,0.0,8.497,-0.148,-0.2
1724368079.078,-0.065,-0.012,0.303,0.291,-0.015,0.0025481807079117,0.0,6.888,-0.12,0.3
1724368079.102,-0.071,-0.014,0.312,0.304,-0.032,0.0014311699866353,0.0,3.746,-0.065,-2.0
1724368079.139,-0.072,-0.014,0.32,0.317,-0.032,-8.726646259971648e-05,0.0,2.989,-0.052,-0.1
1724368079.163,-0.073,-0.014,0.328,0.327,-0.032,-0.0010297442586766,0.0,2.699,-0.047,-0.1
1724368079.2,-0.074,-0.015,0.337,0.327,-0.03,-0.0032288591161895,0.0,6.507,-0.113,0.0
1724368079.224,-0.074,-0.014,0.347,0.342,-0.028,-0.0067893307902579,0.0,6.436,-0.112,0.0
1724368079.255,-0.068,-0.02,0.356,0.352,-0.008,-0.0115715329407224,0.0,2.758,-0.048,-0.1
1724368079.285,-0.07,-0.02,0.365,0.352,-0.007,-0.012618730491919,0.0,1.403,-0.024,-0.1
1724368079.322,-0.07,-0.02,0.375,0.367,-0.004,-0.0111875605052836,0.0,-7.601,0.132,0.0
1724368079.346,-0.072,-0.023,0.385,0.382,-0.005,-0.0062482787221397,0.0,-7.381,0.128,-0.2
1724368079.376,-0.072,-0.025,0.393,0.391,-0.004,-0.002460914245312,0.0,-3.592,0.062,-0.2
1724368079.407,-0.066,-0.009,0.402,0.391,0.009,-0.0027925268031909,0.0,-1.288,0.022,0.0
1724368079.437,-0.066,-0.008,0.412,0.408,0.009,-0.0020071286397934,0.0,-0.829,0.014,0.0
1724368079.468,-0.068,-0.006,0.423,0.423,0.005,-0.000593411945678,0.0,-1.852,0.032,0.0
1724368079.504,-0.069,-0.006,0.432,0.423,0.002,0.001535889741755,0.0,-3.457,0.06,-0.1
1724368079.522,-0.07,0.0,0.443,0.435,-0.001,0.0038746309394274,0.0,-3.309,0.057,0.0
1724368079.553,-0.071,0.003,0.451,0.446,-0.004,0.0058817595792208,0.0,-3.152,0.055,0.0
1724368079.589,-0.073,0.003,0.461,0.462,-0.009,0.0071907565182166,0.0,-2.048,0.035,-0.1
1724368079.614,-0.073,0.005,0.471,0.462,-0.011,0.0077667151713747,0.0,1.816,-0.031,0.0
1724368079.644,-0.076,0.009,0.48,0.472,-0.019,0.0067369709126981,0.0,4.85,-0.084,0.0
1724368079.674,-0.079,0.01,0.491,0.49,-0.025,0.0043633231299858,0.0,5.789,-0.101,-0.2
1724368079.705,-0.08,0.012,0.5,0.49,-0.026,0.0012566370614359,0.0,2.995,-0.052,-0.1
1724368079.735,-0.081,0.014,0.51,0.5,-0.027,-0.0007330382858376,0.0,1.993,-0.034,-0.1
1724368079.766,-0.084,0.014,0.52,0.515,-0.03,-0.0014660765716752,0.0,3.538,-0.061,-0.2
1724368079.796,-0.086,0.014,0.529,0.528,-0.033,-0.0029321531433504,0.0,4.46,-0.077,-0.1
1724368079.827,-0.088,0.014,0.538,0.528,-0.034,-0.0049567350756638,0.0,4.166,-0.072,-0.1
1724368079.857,-0.09,0.016,0.544,0.534,-0.034,-0.00614355896702,0.0,-1.299,0.022,-0.1
1724368079.888,-0.092,0.017,0.553,0.55,-0.033,-0.0052883476335428,0.0,-2.954,0.051,0.0
1724368079.918,-0.094,0.017,0.561,0.55,-0.033,-0.0043807764225057,0.0,0.586,-0.01,-0.1
1724368079.942,-0.098,0.019,0.569,0.561,-0.038,-0.0046949356878647,0.0,3.814,-0.066,-0.4
1724368079.979,-0.102,0.02,0.577,0.572,-0.042,-0.0069289571304174,0.0,7.309,-0.127,-0.1
1724368080.009,-0.106,0.021,0.584,0.584,-0.042,-0.0113097335529232,0.0,10.083,-0.175,-0.2
1724368080.034,-0.107,0.021,0.592,0.584,-0.038,-0.0164410015537865,0.0,8.472,-0.147,-0.1
1724368080.064,-0.111,0.023,0.6,0.597,-0.039,-0.0197222205475359,0.0,3.823,-0.066,-0.4
1724368080.101,-0.117,0.021,0.609,0.607,-0.04,-0.0206297917585729,0.0,3.482,-0.06,-0.4
1724368080.125,-0.118,0.021,0.617,0.607,-0.035,-0.0230034395412852,0.0,4.645,-0.081,-0.1
1724368080.155,-0.12,0.02,0.626,0.619,-0.028,-0.0254643537865972,0.0,0.704,-0.012,0.0
1724368080.186,-0.121,0.018,0.634,0.629,-0.02,-0.0251676478137582,0.0,-3.339,0.058,0.0
1724368080.216,-0.121,0.017,0.643,0.643,-0.014,-0.0224798407656869,0.0,-5.701,0.099,0.0
1724368080.247,-0.122,0.016,0.651,0.643,-0.007,-0.0188844625065786,0.0,-7.291,0.127,0.0
1724368080.277,-0.123,0.01,0.659,0.652,-0.004,-0.0148876585195116,0.0,-6.53,0.113,-0.1
1724368080.308,-0.122,0.005,0.665,0.661,0.001,-0.0113097335529232,0.0,-6.171,0.107,0.0
1724368080.332,-0.123,0.003,0.674,0.661,0.002,-0.0080110612666539,0.0,-6.274,0.109,0.0
1724368080.369,-0.125,0.003,0.682,0.674,0.001,-0.0051661745859032,0.0,-2.05,0.035,0.0
1724368080.393,-0.123,0.0,0.688,0.683,0.005,-0.0050440015382636,0.0,2.562,-0.044,-0.2
1724368080.423,-0.123,0.0,0.695,0.695,0.006,-0.0061959188445798,0.0,0.676,-0.011,-0.2
1724368080.454,-0.123,-0.003,0.702,0.695,0.008,-0.0060562925044203,0.0,-0.6,0.01,0.0
1724368080.484,-0.124,-0.003,0.709,0.705,0.007,-0.0056374134839416,0.0,-0.572,0.009,-0.1
1724368080.515,-0.123,-0.004,0.717,0.716,0.011,-0.0050090949532237,0.0,-1.104,0.019,0.1
1724368080.545,-0.123,-0.006,0.725,0.727,0.012,-0.0047123889803846,0.0,-2.669,0.046,0.0
1724368080.576,-0.121,-0.006,0.734,0.727,0.015,-0.0033161255787892,0.0,-3.218,0.056,0.1
1724368080.606,-0.119,-0.007,0.743,0.739,0.017,-0.0015009831567151,0.0,-4.201,0.073,0.0
1724368080.637,-0.118,-0.018,0.752,0.751,0.018,0.0003839724354387,0.0,-3.941,0.068,0.1
1724368080.667,-0.149,0.041,0.761,0.751,-0.025,0.0049392817831439,0.0,-1.64,0.028,-1.4
1724368080.691,-0.151,0.039,0.77,0.762,-0.028,0.0056025068989017,0.0,2.913,-0.05,-0.1
1724368080.722,-0.152,0.036,0.78,0.775,-0.03,0.0026529004630313,0.0,9.667,-0.168,-0.2
1724368080.758,-0.152,0.036,0.787,0.781,-0.029,-0.0032986722862692,0.0,11.215,-0.195,-0.2
1724368080.783,-0.149,0.039,0.795,0.781,-0.022,-0.009529497715889,0.0,8.985,-0.156,-0.1
1724368080.813,-0.149,0.039,0.802,0.797,-0.019,-0.0125314640293192,0.0,4.012,-0.07,0.0
1724368080.844,-0.147,0.04,0.809,0.805,-0.012,-0.0132645023151569,0.0,-3.053,0.053,0.1
1724368080.886,-0.149,0.037,0.816,0.818,-0.01,-0.0113970000155229,0.0,-3.348,0.058,0.0
1724368080.905,-0.15,0.037,0.824,0.818,-0.007,-0.0096342174710087,0.0,-3.356,0.058,0.0
1724368080.935,-0.148,0.038,0.831,0.829,-0.002,-0.0086568330898918,0.0,-0.971,0.016,0.1
1724368080.966,-0.15,0.034,0.837,0.834,-0.002,-0.0082379540694132,0.0,-0.218,0.003,-0.1
1724368080.996,-0.151,0.039,0.844,0.834,-0.001,-0.0076969020012949,0.0,-1.106,0.019,0.0
1724368081.026,-0.131,0.02,0.853,0.85,0.025,-0.0080634211442138,0.0,-2.981,0.052,0.0
1724368081.057,-0.137,0.028,0.861,0.858,0.019,-0.0061610122595399,0.0,-2.489,0.043,0.6
1724368081.081,-0.151,0.039,0.87,0.871,0.003,-0.0034557519189487,0.0,-3.718,0.064,-0.8
1724368081.112,-0.137,0.041,0.877,0.871,0.021,-0.0021816615649929,0.0,-5.284,0.092,0.3
1724368081.148,-0.111,0.046,0.884,0.877,0.053,-0.0023387411976724,0.0,-2.185,0.038,1.1
1724368081.173,-0.106,0.044,0.891,0.888,0.057,-0.0018151424220741,0.0,-1.82,0.031,0.1
1724368081.203,-0.106,0.037,0.898,0.9,0.055,0.0004537856055185,0.0,-6.828,0.119,0.0
1724368081.233,-0.103,0.036,0.906,0.9,0.057,0.0044505895925855,0.0,-9.28,0.161,0.1
1724368081.276,-0.103,0.036,0.912,0.904,0.054,0.0090058989402907,0.0,-7.335,0.128,0.1
1724368081.294,-0.1,0.038,0.92,0.92,0.052,0.01230457122656,0.0,-5.262,0.091,0.1
1724368081.325,-0.1,0.037,0.927,0.92,0.046,0.0142593399887936,0.0,-1.984,0.034,0.0
1724368081.355,-0.098,0.016,0.932,0.923,0.043,0.0147305788868321,0.0,-0.04,0.0,0.1
1724368081.386,-0.097,0.008,0.941,0.939,0.038,0.0146607657167523,0.0,0.5,-0.008,0.0
1724368081.416,-0.096,0.006,0.945,0.94,0.034,0.0148527519344717,0.0,0.746,-0.013,0.0
1724368081.441,-0.096,0.004,0.951,0.94,0.029,0.0143116998663535,0.0,2.045,-0.035,0.0
1724368081.471,-0.097,-0.027,0.958,0.957,0.022,0.0133866753627965,0.0,3.287,-0.057,-0.1
1724368081.502,-0.103,-0.016,0.963,0.96,0.01,0.0121474915938805,0.0,3.726,-0.065,-0.4
1724368081.544,-0.098,-0.019,0.969,0.96,0.012,0.0096691240560485,0.0,4.047,-0.07,0.0
1724368081.562,-0.1,-0.022,0.976,0.97,0.007,0.0074001960284559,0.0,5.661,-0.098,0.0
1724368081.593,-0.092,-0.024,0.981,0.976,0.014,0.0007853981633974,0.0,38.72,-0.675,-0.1
1724368081.623,-0.105,-0.029,0.988,0.988,0.002,-0.0372453262375589,0.0,127.181,-2.219,-1.4
1724368081.654,-0.095,-0.027,0.995,0.988,0.03,-0.1162214748903024,0.0,162.622,-2.838,-1.7
1724368081.684,-0.091,-0.032,1.002,0.998,0.072,-0.1947961978150871,0.0,117.721,-2.054,-0.7
1724368081.715,-0.092,-0.042,1.017,1.029,0.133,-0.2417979145712944,0.0,53.684,-0.936,-0.3
1724368081.745,-0.098,-0.034,1.031,1.049,0.194,-0.2601762315947947,0.0,22.025,-0.384,-0.2
1724368081.776,-0.093,-0.034,1.04,1.049,0.269,-0.2710147262496795,0.0,24.12,-0.42,-0.2
1724368081.806,-0.084,-0.029,1.052,1.061,0.343,-0.2850995333132737,0.0,30.004,-0.523,-0.2
1724368081.83,-0.077,-0.035,1.06,1.072,0.418,-0.2979626099004719,0.0,15.158,-0.264,-0.1
1724368081.861,-0.061,-0.036,1.066,1.082,0.506,-0.3023084797379378,0.0,-6.8,0.118,0.4
1724368081.891,-0.062,-0.035,1.072,1.082,0.564,-0.2918539575184918,0.0,-28.533,0.498,0.0
1724368081.922,-0.03,-0.037,1.077,1.088,0.662,-0.2745926512162678,0.0,-41.025,0.716,1.0
1724368081.952,-0.008,-0.036,1.074,1.071,0.729,-0.2530378349541379,0.0,-45.87,0.8,1.0
1724368081.983,0.01,-0.035,1.076,1.071,0.798,-0.228673038596297,0.0,-48.745,0.85,0.6
1724368082.013,0.038,-0.033,1.076,1.077,0.861,-0.2030690584695402,0.0,-51.105,0.891,1.0
1724368082.056,0.062,-0.03,1.069,1.061,0.918,-0.1762084412813475,0.0,-55.694,0.972,1.1
1724368082.074,0.079,-0.03,1.064,1.056,0.954,-0.1473232421608413,0.0,-53.997,0.942,0.5
1724368082.104,0.098,-0.033,1.062,1.056,0.982,-0.1183333232852155,0.0,-50.173,0.875,0.5
1724368082.135,0.139,-0.04,1.055,1.049,1.029,-0.0944397658254131,0.0,-46.187,0.806,1.2
1724368082.165,0.163,-0.04,1.048,1.042,1.049,-0.0697433569096934,0.0,-46.518,0.811,0.5
1724368082.214,0.178,-0.036,1.044,1.041,1.051,-0.0446629755585348,0.0,-48.028,0.838,0.5
1724368082.226,0.216,-0.036,1.043,1.041,1.067,-0.019687313962496,0.0,-45.086,0.786,1.0
1724368082.263,0.241,-0.036,1.04,1.038,1.064,0.0016929693744344,0.0,-34.444,0.601,1.1
1724368082.311,0.259,-0.043,1.041,1.042,1.047,0.0161966554585073,0.0,-14.254,0.248,0.4
1724368082.317,0.286,-0.043,1.043,1.042,1.037,0.019076448724298,0.0,4.814,-0.084,0.4
1724368082.342,0.308,-0.042,1.05,1.056,1.022,0.0154287105876298,0.0,9.752,-0.17,0.6
1724368082.403,0.321,-0.044,1.056,1.058,0.999,0.0128456232946782,0.0,5.065,-0.088,0.1
1724368082.415,0.343,-0.043,1.061,1.061,0.987,0.0115540796482024,0.0,2.941,-0.051,0.5
1724368082.439,0.36,-0.03,1.064,1.061,0.981,0.0103847090493662,0.0,6.64,-0.115,0.5
1724368082.481,0.381,-0.038,1.068,1.064,0.97,0.007365289443416,0.0,12.74,-0.222,0.2
1724368082.493,0.396,-0.036,1.074,1.075,0.954,0.0021991148575128,0.0,10.026,-0.174,0.1
1724368082.523,0.429,-0.037,1.082,1.088,0.958,-0.0036477381366681,0.0,11.631,-0.202,0.3
1724368082.584,0.441,-0.037,1.087,1.088,0.943,-0.0086568330898918,0.0,10.683,-0.186,0.1
1724368082.59,0.464,-0.037,1.09,1.086,0.94,-0.0138753675533549,0.0,-5.307,0.092,0.1
1724368082.615,0.492,-0.037,1.097,1.102,0.943,-0.0036128315516282,0.0,-102.166,1.783,1.5
1724368082.645,0.494,-0.032,1.102,1.102,0.914,0.0586256095744895,0.0,-173.723,3.032,2.3
1724368082.675,0.498,-0.035,1.108,1.11,0.866,0.150203035426632,0.0,-152.596,2.663,1.0
1724368082.706,0.521,-0.035,1.125,1.149,0.82,0.2245540615615904,0.0,-75.199,1.312,0.8
1724368082.73,0.554,-0.041,1.145,1.18,0.758,0.2579596634447619,0.0,-13.181,0.23,0.4
1724368082.761,0.575,-0.044,1.152,1.18,0.684,0.2635796236361836,0.0,3.674,-0.064,0.2
1724368082.797,0.587,-0.041,1.164,1.179,0.606,0.2629338518129457,0.0,-2.369,0.041,0.2
1724368082.834,0.6,-0.043,1.17,1.179,0.534,0.2644871948472207,0.0,-1.788,0.031,0.1
1724368082.852,0.618,-0.044,1.175,1.176,0.472,0.2643301152145412,0.0,13.223,-0.23,0.1
1724368082.882,0.629,-0.041,1.173,1.176,0.411,0.2567728395534057,0.0,33.579,-0.586,-0.1
1724368082.919,0.627,-0.036,1.165,1.163,0.337,0.2396860661763812,0.0,41.568,-0.725,-0.6
1724368082.943,0.632,-0.038,1.148,1.131,0.274,0.2198416725812057,0.0,41.019,-0.715,-0.3
1724368082.992,0.631,-0.043,1.141,1.131,0.212,0.199124614360033,0.0,38.441,-0.67,-0.1
1724368083.004,0.622,-0.041,1.123,1.117,0.143,0.1805717644113333,0.0,40.776,-0.711,-0.4
1724368083.034,0.62,-0.045,1.104,1.094,0.086,0.1609368103263971,0.0,45.67,-0.797,-0.5
1724368083.065,0.617,-0.046,1.084,1.069,0.032,0.1388933018737087,0.0,46.28,-0.807,-0.2
1724368083.089,0.614,-0.043,1.07,1.069,-0.008,0.1145285055158679,0.0,47.818,-0.834,-0.4
1724368083.12,0.602,-0.05,1.05,1.049,-0.054,0.0910189204915042,0.0,43.581,-0.76,-0.6
1724368083.15,0.593,-0.054,1.03,1.026,-0.089,0.0693244778892147,0.0,40.589,-0.708,-0.3
1724368083.181,0.587,-0.059,1.013,1.007,-0.114,0.0484154334503227,0.0,41.271,-0.72,-0.3
1724368083.217,0.575,-0.062,1.0,1.007,-0.135,0.0269129770657525,0.0,49.445,-0.862,-0.6
1724368083.241,0.571,-0.06,0.984,0.984,-0.142,0.0019198621771937,0.0,51.345,-0.896,-0.7
1724368083.272,0.569,-0.062,0.973,0.973,-0.138,-0.0238062909972026,0.0,44.066,-0.769,-0.3
1724368083.302,0.564,-0.062,0.963,0.973,-0.127,-0.0460941455451702,0.0,35.96,-0.627,-0.2
1724368083.339,0.555,-0.057,0.958,0.968,-0.114,-0.0642804763509511,0.0,26.553,-0.463,-0.5
1724368083.363,0.556,-0.06,0.957,0.968,-0.086,-0.0783827367070653,0.0,13.707,-0.239,-0.2
1724368083.393,0.558,-0.058,0.957,0.966,-0.054,-0.0849102681095241,0.0,-4.207,0.073,0.0
1724368083.424,0.552,-0.058,0.954,0.966,-0.033,-0.0799186264488203,0.0,-30.247,0.527,0.1
1724368083.454,0.551,-0.057,0.953,0.957,-0.011,-0.0631983722147146,0.0,-39.102,0.682,0.1
1724368083.479,0.554,-0.066,0.953,0.958,0.009,-0.0433190720344992,0.0,-30.026,0.524,0.2
1724368083.509,0.561,-0.067,0.954,0.958,0.028,-0.0294611577736642,0.0,-15.312,0.267,0.5
1724368083.54,0.562,-0.07,0.953,0.958,0.035,-0.0220784150377282,0.0,-10.039,0.175,0.1
1724368083.57,0.566,-0.074,0.958,0.967,0.044,-0.0161442955809475,0.0,-13.932,0.243,0.1
1724368083.606,0.58,-0.078,0.96,0.962,0.061,-0.0091106186954104,0.0,-18.369,0.32,0.3
1724368083.631,0.585,-0.077,0.96,0.966,0.066,-0.0001396263401595,0.0,-13.564,0.236,0.1
1724368083.661,0.589,-0.079,0.962,0.966,0.068,0.0074525559060157,0.0,-13.974,0.243,0.2
1724368083.692,0.596,-0.083,0.964,0.968,0.071,0.0139277274309147,0.0,-10.354,0.18,0.1
1724368083.728,0.604,-0.085,0.964,0.966,0.072,0.0188670092140587,0.0,-7.531,0.131,0.1
1724368083.753,0.606,-0.082,0.963,0.966,0.068,0.0231081592964049,0.0,-4.747,0.082,0.0
1724368083.783,0.606,-0.086,0.963,0.967,0.059,0.026145032194875,0.0,-4.309,0.075,-0.1
1724368083.813,0.619,-0.088,0.963,0.969,0.064,0.0271049632834719,0.0,-1.364,0.023,0.3
1724368083.844,0.623,-0.089,0.961,0.961,0.059,0.027995081201989,0.0,1.165,-0.02,0.1
1724368083.868,0.63,-0.089,0.957,0.961,0.057,0.0275936554740303,0.0,-0.957,0.016,0.1
1724368083.899,0.631,-0.087,0.95,0.951,0.05,0.0283790536374277,0.0,-2.193,0.038,0.0
1724368083.929,0.636,-0.088,0.943,0.945,0.047,0.0291120919232654,0.0,-0.616,0.01,0.0
1724368083.96,0.637,-0.086,0.937,0.939,0.037,0.0291469985083053,0.0,-0.007,0.0,0.0
1724368083.99,0.64,-0.088,0.93,0.939,0.032,0.028605946440187,0.0,-0.168,0.002,0.1
1724368084.02,0.643,-0.086,0.923,0.93,0.026,0.0275587488889904,0.0,5.003,-0.087,0.0
1724368084.063,0.643,-0.086,0.916,0.92,0.018,0.0252549142763579,0.0,4.226,-0.073,0.0
1724368084.081,0.644,-0.085,0.909,0.92,0.011,0.0222704012554476,0.0,6.725,-0.117,0.0
1724368084.118,0.641,-0.086,0.897,0.902,0.001,0.0192160750644575,0.0,5.077,-0.088,0.1
1724368084.142,0.636,-0.091,0.889,0.893,-0.008,0.0172438530097039,0.0,4.594,-0.08,-0.2
1724368084.173,0.643,-0.092,0.88,0.881,-0.005,0.0144164196214731,0.0,4.206,-0.073,0.2
1724368084.203,0.637,-0.095,0.871,0.881,-0.016,0.0127583568320785,0.0,3.792,-0.066,-0.3
1724368084.24,0.641,-0.093,0.862,0.869,-0.015,0.010454522219446,0.0,5.552,-0.096,-0.4
1724368084.271,0.634,-0.097,0.852,0.853,-0.025,0.007679448708775,0.0,7.131,-0.108,-0.4
1724368084.289,0.602,-0.109,0.842,0.841,-0.062,0.0065624379874986,0.0,5.036,-0.087,-0.1
1724368084.32,0.603,-0.117,0.833,0.841,-0.061,0.0028448866807507,0.0,8.383,-0.146,0.0
1724368084.35,0.607,-0.118,0.825,0.833,-0.055,-0.0027227136331111,0.0,11.659,-0.203,-0.1
1724368084.381,0.614,-0.118,0.817,0.822,-0.043,-0.0095469510084089,0.0,10.986,-0.191,0.0
1724368084.411,0.616,-0.125,0.809,0.813,-0.035,-0.0146433124242324,0.0,5.096,-0.088,0.0
1724368084.441,0.616,-0.131,0.802,0.813,-0.029,-0.0163362817986669,0.0,-0.174,0.003,0.0
1724368084.472,0.623,-0.133,0.794,0.797,-0.015,-0.0163362817986669,0.0,-1.887,0.032,0.0
1724368084.527,0.628,-0.134,0.788,0.793,-0.003,-0.0157777764380287,0.0,-2.251,0.039,0.2
1724368084.533,0.632,-0.14,0.781,0.793,0.005,-0.0152541776624304,0.0,-3.127,0.054,0.2
1724368084.557,0.634,-0.141,0.774,0.778,0.012,-0.0135088484104361,0.0,-4.089,0.071,0.1
1724368084.588,0.64,-0.142,0.768,0.773,0.022,-0.0110479341651241,0.0,-4.792,0.083,0.1
1724368084.618,0.655,-0.145,0.763,0.766,0.042,-0.00923279174305,0.0,-5.771,0.1,0.4
1724368084.649,0.656,-0.15,0.757,0.766,0.044,-0.0064053583548191,0.0,-6.21,0.108,0.0
1724368084.679,0.662,-0.146,0.749,0.752,0.051,-0.0037873644768276,0.0,-7.759,0.135,0.1
1724368084.709,0.671,-0.146,0.742,0.744,0.062,-8.726646259971648e-05,0.0,-5.92,0.103,0.1
1724368084.74,0.682,-0.146,0.734,0.733,0.072,0.0026005405854715,0.0,-5.394,0.094,0.2
1724368084.77,0.687,-0.145,0.727,0.733,0.075,0.0050440015382636,0.0,-6.515,0.113,0.1
1724368084.801,0.694,-0.144,0.72,0.727,0.079,0.0082030474843733,0.0,-8.322,0.145,0.3
1724368084.831,0.701,-0.146,0.712,0.715,0.082,0.0116064395257622,0.0,-7.589,0.132,0.2
1724368084.862,0.706,-0.15,0.705,0.715,0.081,0.0148003920569119,0.0,-6.231,0.108,0.0
1724368084.898,0.709,-0.151,0.699,0.709,0.077,0.0176801853227025,0.0,-4.323,0.075,0.0
1724368084.922,0.714,-0.15,0.693,0.697,0.075,0.019669860669976,0.0,-1.326,0.023,0.1
1724368084.953,0.727,-0.146,0.687,0.691,0.083,0.0195302343298165,0.0,1.154,-0.02,0.4
1724368084.977,0.728,-0.147,0.68,0.691,0.076,0.0191462618943777,0.0,0.683,-0.011,0.0
1724368085.008,0.731,-0.147,0.673,0.679,0.072,0.0188146493364988,0.0,-2.377,0.041,0.1
1724368085.044,0.735,-0.145,0.667,0.669,0.068,0.0193382481120971,0.0,-1.388,0.024,0.0
1724368085.069,0.737,-0.147,0.661,0.663,0.063,0.0193033415270572,0.0,1.86,-0.032,0.1
1724368085.099,0.738,-0.145,0.654,0.663,0.056,0.0189193690916185,0.0,1.449,-0.025,0.0
1724368085.129,0.741,-0.145,0.645,0.648,0.052,0.0179419847105017,0.0,1.39,-0.024,0.1
1724368085.166,0.744,-0.141,0.637,0.64,0.049,0.0166329877715059,0.0,-0.332,0.005,0.1
1724368085.19,0.744,-0.139,0.63,0.64,0.042,0.0168598805742652,0.0,0.273,-0.004,0.0
1724368085.221,0.762,-0.146,0.623,0.629,0.062,0.015690509975429,0.0,0.613,-0.01,0.0
1724368085.252,0.765,-0.146,0.616,0.619,0.059,0.0149574716895914,0.0,-1.178,0.02,0.1
1724368085.289,0.769,-0.143,0.608,0.607,0.058,0.0152192710773905,0.0,-0.974,0.016,0.1
1724368085.307,0.772,-0.145,0.602,0.607,0.055,0.0165631746014261,0.0,-4.251,0.074,0.1
1724368085.338,0.773,-0.145,0.595,0.601,0.049,0.0183259571459404,0.0,-2.474,0.043,-0.1
1724368085.368,0.778,-0.152,0.588,0.591,0.049,0.0190415421392581,0.0,-1.151,0.02,0.1
1724368085.399,0.786,-0.151,0.582,0.591,0.053,0.0180990643431811,0.0,0.452,-0.007,0.2
1724368085.429,0.791,-0.149,0.573,0.577,0.054,0.0175056523975031,0.0,0.851,-0.014,0.2
1724368085.46,0.793,-0.149,0.566,0.568,0.05,0.0167551608191455,0.0,-2.624,0.045,0.1
1724368085.49,0.797,-0.15,0.557,0.556,0.049,0.018151424220741,0.0,-1.729,0.03,0.2
1724368085.521,0.8,-0.15,0.55,0.556,0.045,0.0187448361664191,0.0,-2.932,0.051,0.1
1724368085.563,0.804,-0.147,0.541,0.545,0.044,0.0199491133502951,0.0,-1.846,0.032,0.2
1724368085.581,0.802,-0.144,0.532,0.534,0.034,0.0213628300444105,0.0,-4.59,0.08,0.1
1724368085.612,0.813,-0.151,0.524,0.534,0.043,0.0217293491873294,0.0,-0.484,0.008,0.4
1724368085.642,0.815,-0.15,0.517,0.523,0.038,0.0215024563845701,0.0,4.339,-0.075,0.0
1724368085.667,0.815,-0.151,0.512,0.516,0.03,0.0203854456632937,0.0,-1.213,0.021,0.0
1724368085.697,0.82,-0.15,0.505,0.505,0.032,0.0203505390782538,0.0,-1.742,0.03,0.2
1724368085.728,0.82,-0.147,0.499,0.505,0.024,0.021851522234969,0.0,-1.971,0.034,0.1
1724368085.758,0.822,-0.145,0.493,0.498,0.02,0.0219038821125288,0.0,2.422,-0.042,0.1
1724368085.789,0.822,-0.144,0.485,0.484,0.011,0.0208741378538521,0.0,4.536,-0.079,0.0
1724368085.825,0.827,-0.133,0.478,0.484,0.013,0.0170518667919846,0.0,3.583,-0.062,0.0
1724368085.849,0.824,-0.133,0.472,0.478,0.003,0.0156381500978691,0.0,1.154,-0.02,-0.1
1724368085.88,0.826,-0.129,0.466,0.469,0.001,0.0151669111998307,0.0,-1.55,0.027,0.1
1724368085.91,0.827,-0.129,0.459,0.457,0.0,0.0156206968053492,0.0,-0.043,0.0,0.1
1724368085.947,0.832,-0.125,0.453,0.457,0.006,0.0138753675533549,0.0,2.771,-0.048,0.2
1724368085.971,0.834,-0.12,0.447,0.452,0.006,0.0118158790360016,0.0,3.736,-0.065,0.1
1724368086.002,0.834,-0.119,0.441,0.444,0.001,0.0102974425867665,0.0,1.521,-0.026,-0.1
1724368086.032,0.833,-0.117,0.435,0.444,-0.002,0.0107861347773249,0.0,-1.732,0.03,0.0
1724368086.062,0.833,-0.115,0.428,0.434,-0.005,0.011065387457644,0.0,-0.316,0.005,0.0
1724368086.087,0.833,-0.113,0.422,0.425,-0.008,0.0111875605052836,0.0,0.615,-0.01,0.0
1724368086.117,0.831,-0.11,0.415,0.412,-0.013,0.0097214839336084,0.0,5.365,-0.093,-0.1
1724368086.148,0.832,-0.102,0.407,0.412,-0.013,0.0069638637154573,0.0,4.626,-0.08,-0.1
1724368086.178,0.832,-0.099,0.4,0.406,-0.013,0.0043458698374658,0.0,2.527,-0.044,-0.1
1724368086.215,0.833,-0.099,0.392,0.394,-0.012,0.0032812189937493,0.0,1.23,-0.021,0.0
1724368086.239,0.833,-0.099,0.385,0.394,-0.011,0.0024085543677521,0.0,2.228,-0.038,-0.1
1724368086.27,0.832,-0.096,0.377,0.383,-0.013,0.0009948376736367,0.0,2.933,-0.051,-0.1
1724368086.3,0.837,-0.097,0.372,0.378,0.003,-0.0019373154697137,0.0,3.516,-0.061,0.2
1724368086.337,0.841,-0.098,0.366,0.366,0.014,-0.0032114058236695,0.0,-1.954,0.034,0.2
1724368086.361,0.841,-0.111,0.36,0.366,0.012,-0.0012915436464758,0.0,-5.702,0.099,0.0
1724368086.391,0.843,-0.115,0.353,0.356,0.018,0.0005759586531581,0.0,-3.382,0.059,0.0
1724368086.416,0.844,-0.115,0.346,0.349,0.018,0.0017453292519943,0.0,-2.332,0.04,0.0
1724368086.446,0.844,-0.114,0.34,0.349,0.015,0.0023387411976724,0.0,1.523,-0.026,0.0
1724368086.477,0.845,-0.114,0.334,0.34,0.019,0.001204277183876,0.0,1.8,-0.031,0.1
1724368086.507,0.846,-0.114,0.329,0.332,0.021,-5.235987755982989e-05,0.0,1.701,-0.029,0.2
1724368086.544,0.847,-0.112,0.322,0.326,0.02,-0.001221730476396,0.0,3.095,-0.054,-0.1
1724368086.568,0.847,-0.112,0.317,0.326,0.022,-0.0023561944901923,0.0,1.778,-0.031,0.2
1724368086.598,0.847,-0.113,0.311,0.315,0.018,-0.0020943951023931,0.0,-1.633,0.028,-0.1
1724368086.629,0.847,-0.114,0.304,0.305,0.017,-0.0011170107212763,0.0,-2.493,0.043,0.7
1724368086.659,0.845,-0.107,0.298,0.305,0.005,0.000279252680319,0.0,0.762,-0.013,-0.2
1724368086.69,0.845,-0.106,0.289,0.292,0.004,-0.0007504915783575,0.0,4.202,-0.073,0.0
1724368086.726,0.845,-0.104,0.282,0.284,0.003,-0.0024260076602721,0.0,1.085,-0.018,0.0
1724368086.751,0.845,-0.102,0.275,0.275,0.004,-0.0029321531433504,0.0,-1.996,0.034,0.1
1724368086.781,0.845,-0.101,0.269,0.275,0.004,-0.0012391837689159,0.0,-5.884,0.102,0.0
1724368086.811,0.846,-0.099,0.26,0.261,0.006,0.0011344640137963,0.0,-1.529,0.026,0.0
1724368086.836,0.846,-0.097,0.252,0.252,0.007,0.0006283185307179,0.0,3.104,-0.054,0.0
1724368086.866,0.847,-0.095,0.245,0.252,0.015,-0.0021118483949131,0.0,2.593,-0.045,0.2
1724368086.897,0.848,-0.093,0.238,0.244,0.023,-0.0043458698374658,0.0,1.061,-0.018,0.4
1724368086.927,0.849,-0.092,0.231,0.235,0.025,-0.0035604716740684,0.0,-3.963,0.069,0.2
1724368086.964,0.849,-0.09,0.224,0.225,0.03,-0.0004712388980384,0.0,-6.296,0.109,0.4
1724368087.0,0.85,-0.088,0.218,0.225,0.031,0.0034033920413889,0.0,-8.002,0.139,0.0
1724368087.031,0.851,-0.087,0.211,0.216,0.028,0.0068416906678177,0.0,-5.244,0.091,0.0
1724368087.049,0.852,-0.085,0.204,0.204,0.02,0.0093026049131297,0.0,-1.27,0.022,0.0
1724368087.079,0.853,-0.083,0.197,0.204,0.015,0.0104196156344061,0.0,0.068,-0.001,0.0
1724368087.11,0.853,-0.081,0.191,0.197,0.013,0.0100181899064474,0.0,1.574,-0.027,0.1
1724368087.14,0.853,-0.08,0.182,0.184,0.014,0.0090058989402907,0.0,0.697,-0.012,0.0
1724368087.165,0.854,-0.079,0.176,0.177,0.01,0.0095993108859688,0.0,-1.919,0.033,0.0
1724368087.195,0.854,-0.077,0.169,0.177,0.01,0.0101578162466069,0.0,-2.431,0.042,0.2
1724368087.225,0.854,-0.075,0.162,0.167,0.009,0.0112748269678833,0.0,0.732,-0.012,0.3
1724368087.256,0.854,-0.074,0.156,0.16,0.01,0.0091455252804502,0.0,5.904,-0.103,-0.5
1724368087.287,0.855,-0.077,0.15,0.16,0.002,0.007679448708775,0.0,1.286,-0.022,-0.1
1724368087.317,0.855,-0.075,0.144,0.152,-0.001,0.0081855941918534,0.0,-1.409,0.024,0.0
1724368087.347,0.855,-0.073,0.138,0.143,-0.004,0.0093898713757294,0.0,-1.632,0.028,-0.2
1724368087.384,0.854,-0.071,0.135,0.138,0.004,0.0075572756611354,0.0,7.39,-0.128,0.7
1724368087.408,0.853,-0.07,0.13,0.138,0.007,0.0026703537555513,0.0,7.656,-0.133,0.0
1724368087.439,0.854,-0.066,0.124,0.126,0.002,0.0007330382858376,0.0,-1.534,0.026,-0.4
1724368087.469,0.855,-0.067,0.115,0.112,0.0,0.0028623399732707,0.0,-4.945,0.086,0.0
1724368087.5,0.855,-0.066,0.108,0.112,-0.001,0.0041713369122664,0.0,1.386,-0.024,-0.1
1724368087.53,0.855,-0.067,0.102,0.108,-0.003,0.0020071286397934,0.0,8.491,-0.148,-0.1
1724368087.561,0.855,-0.07,0.095,0.098,0.0,-0.0031415926535897,0.0,10.133,-0.176,0.0
1724368087.585,0.853,-0.072,0.091,0.092,0.007,-0.0075747289536553,0.0,12.291,-0.214,0.4
1724368087.616,0.853,-0.07,0.084,0.092,0.01,-0.0136484747505956,0.0,5.351,-0.093,-0.2
1724368087.652,0.853,-0.073,0.074,0.08,0.016,-0.0177849050778222,0.0,5.564,-0.097,-0.3
1724368087.676,0.853,-0.067,0.064,0.069,0.024,-0.0217991623574091,0.0,6.871,-0.119,-0.1
1724368087.707,0.857,-0.073,0.048,0.069,0.011,-0.0241728101401214,0.0,10.217,-0.178,-1.5
1724368087.737,0.858,-0.076,0.02,0.029,0.012,-0.0301243828894221,0.0,16.231,-0.283,-0.4
1724368087.774,0.87,-0.08,-0.006,0.001,-0.033,0.0183259571459404,0.0,166.577,-2.907,1.1
1724368087.798,0.87,-0.074,-0.027,0.0,-0.038,-0.0539132205941048,0.0,143.704,-2.508,-2.3
1724368087.829,0.877,-0.073,-0.04,0.0,-0.066,-0.1197993998568907,0.0,127.422,-2.223,-2.8
1724368087.859,0.874,-0.074,-0.05,0.001,-0.062,-0.1872912820315115,0.0,98.541,-1.719,0.1
1724368087.89,0.896,-0.069,-0.047,0.004,-0.09,-0.0229161730786855,0.0,-604.764,10.555,0.9
1724368087.92,0.883,-0.062,-0.073,0.004,-0.045,0.0393397213399521,0.0,-38.735,0.676,0.2
1724368087.944,0.878,-0.058,-0.054,0.022,-0.03,0.0263893782901542,0.0,-36.591,0.638,0.2
1724368087.975,0.878,-0.06,-0.036,0.026,-0.029,0.0319046187264563,0.0,0.029,0.0,0.2
1724368088.005,0.877,-0.065,-0.048,0.031,-0.037,0.0319220720189762,0.0,0.494,-0.008,0.2
1724368088.042,0.877,-0.069,-0.025,0.031,-0.039,0.0316602726311771,0.0,-0.347,0.006,0.2
